name,model_name,task_name,training_time,accuracy,eval_time,z_amb_precision,z_amb_recall,z_amb_f1-score,z_amb_support,z_minus_m_precision,z_minus_m_recall,z_minus_m_f1-score,z_minus_m_support,z_plus_m_precision,z_plus_m_recall,z_plus_m_f1-score,z_plus_m_support,z_zero_precision,z_zero_recall,z_zero_f1-score,z_zero_support,macro avg_precision,macro avg_recall,macro avg_f1-score,macro avg_support,weighted avg_precision,weighted avg_recall,weighted avg_f1-score,weighted avg_support,model_size
multiemo_pl_all_sentence-run-1,kgr10.plain.skipgram.dim300.neg10,multiemo_pl_all_sentence,744.314911,0.6844212358572672,0.200016,0.4268104776579353,0.4067547723935389,0.41654135338345866,681,0.7174502712477396,0.7475270843146491,0.7321799307958479,2123,0.7193098871930989,0.7122207621550591,0.7157477715417631,1522,0.7145969498910676,0.693446088794926,0.7038626609442059,1419,0.6445418964974603,0.6399871769145433,0.6420829291663188,5745,0.6827863501039733,0.6844212358572672,0.6834172112967993,5745,4257331744
multiemo_pl_all_sentence-run-1,kgr10.plain.skipgram.dim300.neg10.quant,multiemo_pl_all_sentence,1312.577801,0.6858137510879025,0.238768,0.4528301886792453,0.3524229074889868,0.3963666391412056,681,0.7146654851572884,0.7597739048516251,0.7365296803652969,2123,0.7050955414012738,0.7273324572930355,0.7160413971539457,1522,0.7060518731988472,0.6906272022551092,0.6982543640897756,1419,0.6446607721091637,0.6325391179721891,0.6367980201875559,5745,0.6789652229001554,0.6858137510879025,0.6813256991788308,5745,590954965
