name,model_name,task_name,epochs,batch_size,learning_rate,weight_decay,warmup_steps,max_seq_length,training_time,accuracy,eval_time,z_amb_precision,z_amb_recall,z_amb_f1-score,z_amb_support,z_minus_m_precision,z_minus_m_recall,z_minus_m_f1-score,z_minus_m_support,z_plus_m_precision,z_plus_m_recall,z_plus_m_f1-score,z_plus_m_support,z_zero_precision,z_zero_recall,z_zero_f1-score,z_zero_support,macro avg_precision,macro avg_recall,macro avg_f1-score,macro avg_support,weighted avg_precision,weighted avg_recall,weighted avg_f1-score,weighted avg_support,model_size
multiemo_pl_all_sentence-run-1,bert-base-multilingual-cased,multiemo_pl_all_sentence,3,8,5e-05,0.01,0,512,6320.268218,0.746562228024369,69.591829,0.5786407766990291,0.43759177679882527,0.49832775919732436,681,0.7678650687971593,0.814884597268017,0.7906764168190127,2123,0.7681818181818182,0.7772667542706965,0.7726975832789027,1522,0.7501739735560194,0.7596899224806202,0.7549019607843136,1419,0.7162154093085066,0.6973582627045397,0.7041509300198884,5745,0.7411490871605095,0.746562228024369,0.7424227747647645,5745,711510189
multiemo_pl_all_sentence-run-1,distilbert-base-multilingual-cased,multiemo_pl_all_sentence,3,16,5e-05,0.01,0,512,2879.252849,0.748651000870322,31.055493,0.6272727272727273,0.4052863436123348,0.4924174843889385,681,0.7104567761419404,0.886481394253415,0.7887678122380554,2123,0.7785102175346078,0.7759526938239159,0.7772293517604475,1522,0.8446005267778753,0.6779422128259338,0.7521501172791244,1419,0.7402100619317877,0.6864156611288998,0.7026411914166415,5745,0.7517586008020096,0.748651000870322,0.741537765369667,5745,541351025
