name,model_name,task_name,epochs,batch_size,learning_rate,weight_decay,warmup_steps,max_seq_length,training_time,accuracy,eval_time,z_amb_precision,z_amb_recall,z_amb_f1-score,z_amb_support,z_minus_m_precision,z_minus_m_recall,z_minus_m_f1-score,z_minus_m_support,z_plus_m_precision,z_plus_m_recall,z_plus_m_f1-score,z_plus_m_support,z_zero_precision,z_zero_recall,z_zero_f1-score,z_zero_support,macro avg_precision,macro avg_recall,macro avg_f1-score,macro avg_support,weighted avg_precision,weighted avg_recall,weighted avg_f1-score,weighted avg_support,model_size,gpu_memory_used,parameters
multiemo_pl_all_sentence-run-1,bert-base-multilingual-cased,multiemo_pl_all_sentence,3,8,5e-05,0.01,0,512,6320.268218,0.746562228024369,69.591829,0.5786407766990291,0.43759177679882527,0.49832775919732436,681,0.7678650687971593,0.814884597268017,0.7906764168190127,2123,0.7681818181818182,0.7772667542706965,0.7726975832789027,1522,0.7501739735560194,0.7596899224806202,0.7549019607843136,1419,0.7162154093085066,0.6973582627045397,0.7041509300198884,5745,0.7411490871605095,0.746562228024369,0.7424227747647645,5745,711510189,1569.0,177856516
multiemo_pl_all_sentence-run-2,distilbert-base-multilingual-cased,multiemo_pl_all_sentence,3,16,5e-05,0.01,0,512,2876.189362,0.7489991296779809,31.058786,0.5900383141762452,0.4522760646108664,0.5120532003325021,681,0.7279207920792079,0.8657560056523788,0.7908777969018933,2123,0.8022519352568613,0.7490144546649146,0.7747196738022426,1522,0.7963978073610023,0.7167019027484144,0.7544510385756678,1419,0.7291522122183292,0.6959371069191435,0.7080254274030764,5745,0.7481823964568123,0.7489991296779809,0.7445485047023567,5745,541351025,1389.0,135327748
