name,model_name,task_name,training_time,accuracy,eval_time,z_amb_precision,z_amb_recall,z_amb_f1-score,z_amb_support,z_minus_m_precision,z_minus_m_recall,z_minus_m_f1-score,z_minus_m_support,z_plus_m_precision,z_plus_m_recall,z_plus_m_f1-score,z_plus_m_support,z_zero_precision,z_zero_recall,z_zero_f1-score,z_zero_support,macro avg_precision,macro avg_recall,macro avg_f1-score,macro avg_support,weighted avg_precision,weighted avg_recall,weighted avg_f1-score,weighted avg_support,model_size
multiemo_en_all_sentence-run-1,cc.en.300,multiemo_en_all_sentence,663.122265,0.6858137510879025,0.1537,0.5305263157894737,0.3700440528634361,0.4359861591695502,681,0.6823529411764706,0.7922750824305228,0.7332170880557978,2123,0.7129380053908356,0.695137976346912,0.7039254823685961,1522,0.7176381529144588,0.6680761099365751,0.691970802919708,1419,0.6608638538178097,0.6313833053943615,0.641274883128413,5745,0.6811738726476496,0.6858137510879025,0.68003613678764,5745,2464921443
multiemo_en_all_sentence-run-1,cc.en.300.quant,multiemo_en_all_sentence,1061.21748,0.6778067885117494,0.209385,0.6044776119402985,0.23788546255506607,0.34141201264488935,681,0.6876053962900506,0.7682524729156853,0.7256952169076751,2123,0.704635761589404,0.6990801576872536,0.7018469656992085,1522,0.6501567398119122,0.7307963354474982,0.688122096881221,1419,0.6617188774079164,0.6090036071513758,0.6142690730332485,5745,0.6730136732789029,0.6778067885117494,0.6645446237380003,5745,341318064
